"Customer ID#","Account No.","Currency","Type","Balance"
"ID1","BOS963211","USD","SAVINGS","962510"
"ID2","BOS85992","AUD","CURRENT","989898"
"ID3","BOS656613","USD","CURRENT","595290"
"ID4","BOS14824","INR","SAVINGS","772578"
"ID5","BOS657505","CAD","SAVINGS","95538"
"ID6","BOS66196","SGD","CURRENT","961629"
"ID7","BOS401497","CHF","CURRENT","873783"
"ID8","BOS928728","GBP","CURRENT","887322"
"ID9","BOS296569","HKD","SAVINGS","293795"
"ID10","BOS4763010","EUR","CURRENT","136845"
"ID11","BOS673811","INR","SAVINGS","164231"
"ID12","BOS4824812","INR","CURRENT","728255"
"ID13","BOS627413","EUR","SAVINGS","652228"
"ID14","BOS2320614","SGD","SAVINGS","15614"
"ID15","BOS3343815","SEK","SAVINGS","974080"
"ID16","BOS6687816","HKD","SAVINGS","861228"
"ID17","BOS8763417","EUR","CURRENT","647402"
"ID18","BOS27018","SEK","CURRENT","728214"
"ID19","BOS1793019","USD","CURRENT","513073"
"ID20","BOS4858520","AUD","SAVINGS","529897"
"ID21","BOS7780921","SGD","CURRENT","740159"
"ID22","BOS9222022","SEK","CURRENT","111290"
"ID23","BOS2996223","AUD","SAVINGS","568676"
"ID24","BOS7305924","INR","CURRENT","506455"
"ID25","BOS5970425","CAD","CURRENT","844120"
"ID26","BOS4615426","EUR","SAVINGS","352920"
"ID27","BOS412527","USD","SAVINGS","620577"
"ID28","BOS4478228","SGD","CURRENT","524550"
"ID29","BOS3351029","EUR","CURRENT","678598"
"ID30","BOS7971730","CHF","SAVINGS","911246"
"ID31","BOS3980631","SEK","CURRENT","824964"
"ID32","BOS2411032","CHF","CURRENT","732892"
"ID33","BOS8745633","CHF","CURRENT","390311"
"ID34","BOS6735334","CHF","SAVINGS","25883"
"ID35","BOS6493235","GBP","CURRENT","433413"
"ID36","BOS952736","USD","CURRENT","832935"
"ID37","BOS5494037","EUR","CURRENT","383775"
"ID38","BOS9321638","AUD","CURRENT","344560"
"ID39","BOS7293539","HKD","SAVINGS","774925"
"ID40","BOS7065240","INR","SAVINGS","910339"
"ID41","BOS9590341","INR","CURRENT","356853"
"ID42","BOS7414742","SEK","CURRENT","963824"
"ID43","BOS8855943","CHF","CURRENT","1652"
"ID44","BOS3387844","CHF","CURRENT","680976"
"ID45","BOS1573545","HKD","SAVINGS","733067"
"ID46","BOS3620946","INR","SAVINGS","928351"
"ID47","BOS3467947","USD","SAVINGS","953858"
"ID48","BOS3229448","GBP","SAVINGS","38161"
"ID49","BOS3852449","USD","SAVINGS","223136"
"ID50","BOS7667550","INR","CURRENT","819080"
"ID51","BOS1068951","CHF","CURRENT","736497"
"ID52","BOS5932652","CHF","CURRENT","575596"
"ID53","BOS2092753","CHF","SAVINGS","283156"
"ID54","BOS3101454","INR","SAVINGS","542943"
"ID55","BOS4030755","EUR","CURRENT","654443"
"ID56","BOS9966256","USD","CURRENT","652044"
"ID57","BOS372757","CHF","SAVINGS","840903"
"ID58","BOS5473958","SEK","CURRENT","254306"
"ID59","BOS7591659","EUR","SAVINGS","230072"
"ID60","BOS9252860","HKD","CURRENT","566137"
"ID61","BOS9589161","GBP","CURRENT","668182"
"ID62","BOS9653762","EUR","SAVINGS","527290"
"ID63","BOS6074463","GBP","CURRENT","114028"
"ID64","BOS5727364","AUD","CURRENT","38579"
"ID65","BOS5577665","SEK","SAVINGS","620937"
"ID66","BOS2168166","SEK","SAVINGS","969346"
"ID67","BOS1121967","HKD","SAVINGS","953166"
"ID68","BOS9598568","USD","CURRENT","383032"
"ID69","BOS6568569","CHF","SAVINGS","98106"
"ID70","BOS4101770","CHF","CURRENT","471567"
"ID71","BOS766071","USD","CURRENT","454150"
"ID72","BOS1694272","CAD","CURRENT","167832"
"ID73","BOS4861073","SEK","CURRENT","308871"
"ID74","BOS1740474","AUD","SAVINGS","566569"
"ID75","BOS366575","CHF","SAVINGS","590963"
"ID76","BOS7312976","AUD","CURRENT","392557"
"ID77","BOS8212677","SGD","SAVINGS","224406"
"ID78","BOS2825878","AUD","SAVINGS","77926"
"ID79","BOS2644479","CAD","CURRENT","66544"
"ID80","BOS3683680","SEK","SAVINGS","259454"
"ID81","BOS5886981","CAD","SAVINGS","436923"
"ID82","BOS5120682","USD","CURRENT","705837"
"ID83","BOS2838783","EUR","CURRENT","176416"
"ID84","BOS2057584","HKD","SAVINGS","859134"
"ID85","BOS4692285","CHF","SAVINGS","570995"
"ID86","BOS898986","INR","SAVINGS","57873"
"ID87","BOS34187","USD","SAVINGS","439855"
"ID88","BOS1758088","EUR","CURRENT","781690"
"ID89","BOS2538989","SEK","SAVINGS","701398"
"ID90","BOS5819290","HKD","CURRENT","475905"
"ID91","BOS7025091","CAD","CURRENT","435318"
"ID92","BOS5779792","INR","CURRENT","483501"
"ID93","BOS5031293","CAD","SAVINGS","97514"
"ID94","BOS1666694","CHF","CURRENT","602511"
"ID95","BOS9314895","USD","SAVINGS","977146"
"ID96","BOS5592196","CHF","CURRENT","97535"
"ID97","BOS6469597","SEK","CURRENT","186367"
"ID98","BOS5609898","EUR","SAVINGS","483688"
"ID99","BOS8059799","SGD","CURRENT","208043"
"ID100","BOS67328100","AUD","CURRENT","947508"
"ID101","BOS91091101","EUR","CURRENT","111280"
"ID102","BOS67488102","CAD","SAVINGS","638439"
"ID103","BOS59102103","EUR","SAVINGS","199205"
"ID104","BOS78950104","SEK","CURRENT","100751"
"ID105","BOS91048105","CAD","SAVINGS","267612"
"ID106","BOS7938106","EUR","CURRENT","790840"
"ID107","BOS79108107","CHF","SAVINGS","896600"
"ID108","BOS49761108","AUD","CURRENT","690935"
"ID109","BOS29208109","CAD","CURRENT","784516"
"ID110","BOS48081110","GBP","CURRENT","813928"
"ID111","BOS43209111","SGD","CURRENT","542294"
"ID112","BOS38179112","SGD","CURRENT","872686"
"ID113","BOS69999113","SEK","SAVINGS","602473"
"ID114","BOS7062114","GBP","CURRENT","60340"
"ID115","BOS85802115","HKD","CURRENT","549782"
"ID116","BOS17498116","SEK","SAVINGS","926472"
"ID117","BOS58790117","CAD","SAVINGS","451693"
"ID118","BOS49673118","EUR","SAVINGS","481589"
"ID119","BOS82499119","SEK","CURRENT","165483"
"ID120","BOS84254120","HKD","CURRENT","720390"
"ID121","BOS18765121","AUD","SAVINGS","627798"
"ID122","BOS15072122","EUR","SAVINGS","570257"
"ID123","BOS98388123","INR","CURRENT","432069"
"ID124","BOS15823124","INR","SAVINGS","296559"
"ID125","BOS73471125","SGD","CURRENT","122105"
"ID126","BOS85109126","USD","SAVINGS","117900"
"ID127","BOS97946127","AUD","SAVINGS","532800"
"ID128","BOS12747128","USD","CURRENT","281815"
"ID129","BOS95621129","SEK","CURRENT","647447"
"ID130","BOS44250130","USD","SAVINGS","936199"
"ID131","BOS70718131","HKD","CURRENT","807745"
"ID132","BOS95743132","AUD","SAVINGS","252808"
"ID133","BOS69107133","EUR","SAVINGS","439637"
"ID134","BOS33456134","CHF","CURRENT","863233"
"ID135","BOS11713135","GBP","CURRENT","814686"
"ID136","BOS48350136","GBP","CURRENT","35722"
"ID137","BOS65306137","CAD","SAVINGS","511"
"ID138","BOS96528138","GBP","SAVINGS","52355"
"ID139","BOS5176139","HKD","SAVINGS","490947"
"ID140","BOS3328140","INR","SAVINGS","448606"
"ID141","BOS10997141","CHF","CURRENT","577847"
"ID142","BOS6900142","CHF","SAVINGS","263811"
"ID143","BOS43855143","GBP","SAVINGS","973531"
"ID144","BOS82290144","GBP","SAVINGS","455763"
"ID145","BOS84329145","GBP","SAVINGS","116938"
"ID146","BOS78109146","SGD","CURRENT","172454"
"ID147","BOS88536147","SGD","SAVINGS","654591"
"ID148","BOS19408148","CAD","SAVINGS","935589"
"ID149","BOS74908149","CHF","SAVINGS","69116"
"ID150","BOS44327150","SGD","CURRENT","20269"
"ID151","BOS70181151","GBP","CURRENT","601405"
"ID152","BOS46706152","USD","CURRENT","538319"
"ID153","BOS65958153","EUR","CURRENT","522930"
"ID154","BOS53024154","INR","CURRENT","143681"
"ID155","BOS42391155","INR","CURRENT","662076"
"ID156","BOS76401156","AUD","SAVINGS","508435"
"ID157","BOS86469157","SEK","CURRENT","722253"
"ID158","BOS25722158","USD","SAVINGS","596207"
"ID159","BOS12889159","INR","CURRENT","820555"
"ID160","BOS41325160","CHF","SAVINGS","876489"
"ID161","BOS14780161","CAD","SAVINGS","311135"
"ID162","BOS36589162","CHF","SAVINGS","650759"
"ID163","BOS53501163","AUD","CURRENT","459107"
"ID164","BOS26420164","AUD","CURRENT","648758"
"ID165","BOS33963165","EUR","SAVINGS","463775"
"ID166","BOS18613166","AUD","CURRENT","676620"
"ID167","BOS4555167","USD","CURRENT","255015"
"ID168","BOS89008168","SEK","CURRENT","761757"
"ID169","BOS85072169","GBP","SAVINGS","763272"
"ID170","BOS61794170","SGD","SAVINGS","727825"
"ID171","BOS31075171","HKD","CURRENT","620983"
"ID172","BOS46529172","SEK","SAVINGS","709945"
"ID173","BOS29154173","SEK","SAVINGS","802099"
"ID174","BOS70184174","SGD","SAVINGS","236317"
"ID175","BOS59390175","CAD","SAVINGS","993715"
"ID176","BOS44813176","INR","SAVINGS","354286"
"ID177","BOS27041177","HKD","SAVINGS","377750"
"ID178","BOS87955178","SEK","CURRENT","262351"
"ID179","BOS41778179","EUR","SAVINGS","921961"
"ID180","BOS85276180","CAD","SAVINGS","496277"
"ID181","BOS34740181","CHF","CURRENT","729766"
"ID182","BOS85706182","GBP","CURRENT","788541"
"ID183","BOS87169183","AUD","SAVINGS","417297"
"ID184","BOS31839184","SGD","CURRENT","705169"
"ID185","BOS80994185","SGD","SAVINGS","982883"
"ID186","BOS70125186","AUD","CURRENT","503402"
"ID187","BOS6017187","SGD","CURRENT","305267"
"ID188","BOS50183188","GBP","SAVINGS","664308"
"ID189","BOS39662189","CAD","CURRENT","445937"
"ID190","BOS14958190","GBP","CURRENT","905895"
"ID191","BOS52672191","GBP","CURRENT","893850"
"ID192","BOS61104192","AUD","CURRENT","300357"
"ID193","BOS52568193","HKD","SAVINGS","101907"
"ID194","BOS90359194","INR","CURRENT","730256"
"ID195","BOS19650195","GBP","CURRENT","153679"
"ID196","BOS28452196","INR","SAVINGS","93089"
"ID197","BOS65462197","HKD","CURRENT","927520"
"ID198","BOS30360198","USD","CURRENT","6798788"
"ID199","BOS55607199","HKD","SAVINGS","988081"
"ID200","BOS99720200","SEK","CURRENT","86628"
"ID201","BOS52547201","SEK","CURRENT","705536"
"ID202","BOS81815202","SEK","CURRENT","462329"
"ID203","BOS41346203","USD","CURRENT","894272"
"ID204","BOS22407204","AUD","SAVINGS","2895"
"ID205","BOS4550205","CAD","CURRENT","373619"
"ID206","BOS87030206","SEK","SAVINGS","1239"
"ID207","BOS60843207","CAD","SAVINGS","771474"
"ID208","BOS34137208","INR","CURRENT","673659"
"ID209","BOS54276209","HKD","CURRENT","310870"
"ID210","BOS48800210","SGD","SAVINGS","204536"
"ID211","BOS76936211","GBP","CURRENT","534126"
"ID212","BOS97975212","SEK","SAVINGS","283666"
"ID213","BOS84068213","INR","CURRENT","603835"
"ID214","BOS31591214","SEK","SAVINGS","297994"
"ID215","BOS77091215","AUD","CURRENT","960702"
"ID216","BOS18999216","HKD","SAVINGS","127033"
"ID217","BOS68497217","GBP","CURRENT","718324"
"ID218","BOS11829218","SGD","SAVINGS","732554"
"ID219","BOS63577219","SEK","SAVINGS","228247"
"ID220","BOS73234220","SEK","SAVINGS","770235"
"ID221","BOS6319221","GBP","SAVINGS","287940"
"ID222","BOS84068222","CAD","SAVINGS","341112"
"ID223","BOS42986223","HKD","SAVINGS","769189"
"ID224","BOS65523224","CAD","CURRENT","640257"
"ID225","BOS92833225","HKD","CURRENT","295266"
"ID226","BOS83870226","AUD","CURRENT","378461"
"ID227","BOS54959227","SEK","CURRENT","586305"
"ID228","BOS97846228","EUR","CURRENT","816248"
"ID229","BOS29722229","EUR","CURRENT","449830"
"ID230","BOS53203230","AUD","SAVINGS","169902"
"ID231","BOS65144231","EUR","SAVINGS","304515"
"ID232","BOS18289232","CAD","CURRENT","900679"
"ID233","BOS35568233","USD","CURRENT","115128"
"ID234","BOS79761234","CAD","SAVINGS","433712"
"ID235","BOS63927235","INR","SAVINGS","310386"
"ID236","BOS60592236","USD","SAVINGS","195274"
"ID237","BOS11941237","AUD","CURRENT","496964"
"ID238","BOS80248238","EUR","SAVINGS","826797"
"ID239","BOS99301239","AUD","CURRENT","455892"
"ID240","BOS37803240","HKD","CURRENT","8164"
"ID241","BOS64447241","CHF","CURRENT","230914"
"ID242","BOS13606242","HKD","SAVINGS","571427"
"ID243","BOS8912243","HKD","CURRENT","428876"
"ID244","BOS96348244","SGD","CURRENT","425302"
"ID245","BOS86799245","AUD","SAVINGS","708114"
"ID246","BOS4554246","INR","CURRENT","584040"
"ID247","BOS11771247","HKD","SAVINGS","92130"
"ID248","BOS69898248","HKD","SAVINGS","414578"
"ID249","BOS26905249","SGD","CURRENT","869688"
"ID250","BOS37922250","CHF","CURRENT","720382"
"ID251","BOS88300251","SEK","SAVINGS","634265"
"ID252","BOS39224252","SEK","CURRENT","194884"
"ID253","BOS33942253","SEK","SAVINGS","624529"
"ID254","BOS38582254","CHF","CURRENT","734608"
"ID255","BOS26105255","SEK","CURRENT","562313"
"ID256","BOS43196256","EUR","CURRENT","721409"
"ID257","BOS94253257","EUR","CURRENT","889686"
"ID258","BOS91504258","SEK","CURRENT","723603"
"ID259","BOS84637259","HKD","SAVINGS","546105"
"ID260","BOS459260","GBP","CURRENT","882803"
"ID261","BOS89757261","CAD","SAVINGS","854820"
"ID262","BOS47297262","USD","SAVINGS","778955"
"ID263","BOS68705263","SGD","SAVINGS","535042"
"ID264","BOS35484264","SGD","CURRENT","840707"
"ID265","BOS79668265","GBP","SAVINGS","216355"
"ID266","BOS15640266","SGD","SAVINGS","439046"
"ID267","BOS40988267","AUD","CURRENT","905186"
"ID268","BOS68372268","SGD","CURRENT","357539"
"ID269","BOS54055269","CHF","CURRENT","783565"
"ID270","BOS38310270","CAD","SAVINGS","405505"
"ID271","BOS35305271","INR","CURRENT","974277"
"ID272","BOS20312272","EUR","SAVINGS","17357"
"ID273","BOS54603273","EUR","CURRENT","146544"
"ID274","BOS99638274","AUD","CURRENT","388508"
"ID275","BOS58428275","CAD","SAVINGS","401264"
"ID276","BOS28203276","USD","SAVINGS","541791"
"ID277","BOS10729277","CHF","CURRENT","897220"
"ID278","BOS31183278","CAD","SAVINGS","87921"
"ID279","BOS10700279","SGD","SAVINGS","44458"
"ID280","BOS15493280","CHF","SAVINGS","759022"
"ID281","BOS94908281","INR","SAVINGS","851412"
"ID282","BOS89358282","USD","SAVINGS","558723"
"ID283","BOS1759283","SGD","SAVINGS","446942"
"ID284","BOS97137284","AUD","SAVINGS","510241"
"ID285","BOS61471285","HKD","CURRENT","81565"
"ID286","BOS86012286","AUD","SAVINGS","782083"
"ID287","BOS31776287","AUD","SAVINGS","758473"
"ID288","BOS36679288","GBP","CURRENT","154861"
"ID289","BOS14439289","SGD","SAVINGS","467919"
"ID290","BOS83370290","SGD","SAVINGS","626494"
"ID291","BOS74305291","EUR","CURRENT","607156"
"ID292","BOS22364292","GBP","SAVINGS","143946"
"ID293","BOS32389293","EUR","CURRENT","372132"
"ID294","BOS12044294","EUR","CURRENT","962862"
"ID295","BOS19771295","SGD","SAVINGS","821994"
"ID296","BOS15868296","SGD","SAVINGS","476611"
"ID297","BOS62371297","SGD","SAVINGS","485909"
"ID298","BOS50591298","USD","SAVINGS","988459"
"ID299","BOS87246299","HKD","CURRENT","634283"
"ID300","BOS86441300","CHF","SAVINGS","637937"
"ID301","BOS89093301","EUR","CURRENT","335692"
"ID302","BOS76148302","CAD","SAVINGS","43362"
"ID303","BOS17120303","EUR","SAVINGS","282"
"ID304","BOS22944304","GBP","CURRENT","184134"
"ID305","BOS51749305","USD","SAVINGS","950586"
"ID306","BOS16094306","CHF","CURRENT","50887"
"ID307","BOS1591307","SEK","SAVINGS","901313"
"ID308","BOS73914308","EUR","SAVINGS","447424"
"ID309","BOS77367309","SEK","CURRENT","283975"
"ID310","BOS47758310","EUR","CURRENT","494456"
"ID311","BOS91945311","HKD","CURRENT","962740"
"ID312","BOS88549312","GBP","CURRENT","861245"
"ID313","BOS28308313","HKD","SAVINGS","647925"
"ID314","BOS56732314","SGD","CURRENT","696659"
"ID315","BOS91172315","GBP","SAVINGS","723776"
"ID316","BOS7200316","AUD","SAVINGS","358437"
"ID317","BOS40652317","SGD","CURRENT","943366"
"ID318","BOS17131318","SEK","SAVINGS","577439"
"ID319","BOS15441319","SGD","CURRENT","923412"
"ID320","BOS45558320","AUD","CURRENT","922153"
"ID321","BOS10530321","AUD","CURRENT","192747"
"ID322","BOS27825322","SGD","CURRENT","809008"
"ID323","BOS22037323","CHF","SAVINGS","981496"
"ID324","BOS98707324","CAD","SAVINGS","56013"
"ID325","BOS94696325","AUD","SAVINGS","997428"
"ID326","BOS30222326","EUR","SAVINGS","375070"
"ID327","BOS16850327","SEK","SAVINGS","843921"
"ID328","BOS40051328","SGD","CURRENT","151231"
"ID329","BOS43920329","EUR","CURRENT","781688"
"ID330","BOS11257330","SGD","CURRENT","813437"
"ID331","BOS23801331","INR","CURRENT","359498"
"ID332","BOS79961332","USD","CURRENT","406877"
"ID333","BOS7317333","HKD","SAVINGS","632782"
"ID334","BOS56694334","SGD","CURRENT","695540"
"ID335","BOS59292335","AUD","SAVINGS","790964"
"ID336","BOS95605336","INR","SAVINGS","596375"
"ID337","BOS71234337","SGD","SAVINGS","322683"
"ID338","BOS65044338","AUD","SAVINGS","146623"
"ID339","BOS3918339","GBP","SAVINGS","389347"
"ID340","BOS73545340","HKD","SAVINGS","355864"
"ID341","BOS28216341","CAD","SAVINGS","716218"
"ID342","BOS16872342","SGD","CURRENT","467658"
"ID343","BOS21321343","SEK","CURRENT","588033"
"ID344","BOS41131344","HKD","SAVINGS","2921"
"ID345","BOS21196345","AUD","SAVINGS","357974"
"ID346","BOS34026346","GBP","CURRENT","291179"
"ID347","BOS26675347","GBP","CURRENT","616252"
"ID348","BOS4813348","CHF","CURRENT","94859"
"ID349","BOS72521349","SGD","CURRENT","699887"
"ID350","BOS43379350","SGD","SAVINGS","976520"
"ID351","BOS44726351","USD","SAVINGS","445859"
"ID352","BOS90415352","CAD","CURRENT","460451"
"ID353","BOS39606353","SGD","CURRENT","217195"
"ID354","BOS31607354","USD","SAVINGS","827147"
"ID355","BOS8630355","CAD","SAVINGS","267522"
"ID356","BOS30754356","CHF","CURRENT","207780"
"ID357","BOS50655357","SEK","SAVINGS","557178"
"ID358","BOS32939358","INR","SAVINGS","888151"
"ID359","BOS85974359","HKD","CURRENT","451588"
"ID360","BOS84214360","SGD","CURRENT","688396"
"ID361","BOS28390361","SGD","CURRENT","369988"
"ID362","BOS18266362","EUR","SAVINGS","118830"
"ID363","BOS22525363","AUD","SAVINGS","120632"
"ID364","BOS10567364","CAD","SAVINGS","206132"
"ID365","BOS51279365","HKD","CURRENT","71762"
"ID366","BOS87508366","SGD","SAVINGS","209302"
"ID367","BOS26379367","SGD","CURRENT","954598"
"ID368","BOS61334368","GBP","CURRENT","660782"
"ID369","BOS28913369","INR","CURRENT","858003"
"ID370","BOS12569370","GBP","SAVINGS","654802"
"ID371","BOS76442371","EUR","CURRENT","561913"
"ID372","BOS33566372","CHF","SAVINGS","143205"
"ID373","BOS27965373","CHF","CURRENT","535515"
"ID374","BOS39130374","USD","SAVINGS","475940"
"ID375","BOS81922375","INR","CURRENT","145657"
"ID376","BOS93834376","USD","SAVINGS","237448"
"ID377","BOS58343377","CHF","SAVINGS","625818"
"ID378","BOS65215378","AUD","SAVINGS","680194"
"ID379","BOS50747379","AUD","SAVINGS","3002"
"ID380","BOS37333380","AUD","CURRENT","445994"
"ID381","BOS81663381","INR","SAVINGS","286024"
"ID382","BOS91324382","SGD","SAVINGS","867090"
"ID383","BOS61251383","CAD","SAVINGS","971203"
"ID384","BOS65404384","EUR","CURRENT","503427"
"ID385","BOS89549385","CHF","SAVINGS","62154"
"ID386","BOS36295386","AUD","CURRENT","637743"
"ID387","BOS61930387","USD","SAVINGS","81809"
"ID388","BOS99367388","SEK","CURRENT","702993"
"ID389","BOS85312389","AUD","CURRENT","686526"
"ID390","BOS18670390","SEK","SAVINGS","961225"
"ID391","BOS24208391","CAD","SAVINGS","196567"
"ID392","BOS32254392","EUR","CURRENT","774568"
"ID393","BOS58310393","CAD","CURRENT","707589"
"ID394","BOS55381394","EUR","CURRENT","735652"
"ID395","BOS16961395","AUD","SAVINGS","601499"
"ID396","BOS97680396","USD","SAVINGS","17596"
"ID397","BOS41441397","HKD","SAVINGS","253906"
"ID398","BOS71309398","AUD","CURRENT","327082"
"ID399","BOS35180399","SGD","SAVINGS","944139"
"ID400","BOS65487400","GBP","SAVINGS","259944"
"ID401","BOS59753401","CAD","SAVINGS","439606"
"ID402","BOS80845402","EUR","CURRENT","920741"
"ID403","BOS69394403","SEK","CURRENT","288095"
"ID404","BOS88114404","CAD","CURRENT","240679"
"ID405","BOS17431405","AUD","CURRENT","213833"
"ID406","BOS89199406","EUR","SAVINGS","409786"
"ID407","BOS87584407","CAD","SAVINGS","993607"
"ID408","BOS6684408","SGD","SAVINGS","869900"
"ID409","BOS39608409","SGD","CURRENT","689632"
"ID410","BOS86824410","USD","SAVINGS","198869"
"ID411","BOS82400411","CAD","SAVINGS","515768"
"ID412","BOS17683412","AUD","SAVINGS","41866"
"ID413","BOS97433413","CAD","SAVINGS","976097"
"ID414","BOS98341414","GBP","SAVINGS","917617"
"ID415","BOS74767415","INR","CURRENT","307186"
"ID416","BOS95465416","EUR","SAVINGS","768051"
"ID417","BOS11173417","SEK","CURRENT","740904"
"ID418","BOS84985418","SGD","CURRENT","149704"
"ID419","BOS36880419","SEK","CURRENT","918133"
"ID420","BOS90088420","GBP","CURRENT","546744"
"ID421","BOS29375421","EUR","SAVINGS","743449"
"ID422","BOS29508422","AUD","SAVINGS","962712"
"ID423","BOS50243423","INR","CURRENT","931985"
"ID424","BOS63174424","EUR","CURRENT","663260"
"ID425","BOS99428425","EUR","CURRENT","369337"
"ID426","BOS98304426","CHF","SAVINGS","4157"
"ID427","BOS94128427","CHF","CURRENT","285477"
"ID428","BOS34373428","CHF","SAVINGS","652265"
"ID429","BOS25945429","SGD","SAVINGS","397156"
"ID430","BOS33255430","SEK","CURRENT","643457"
"ID431","BOS88449431","HKD","SAVINGS","617208"
"ID432","BOS78682432","EUR","CURRENT","202548"
"ID433","BOS59182433","GBP","SAVINGS","542011"
"ID434","BOS9085434","USD","SAVINGS","526525"
"ID435","BOS5867435","CAD","CURRENT","595019"
"ID436","BOS14791436","SEK","CURRENT","474691"
"ID437","BOS43710437","INR","CURRENT","681074"
"ID438","BOS19643438","HKD","SAVINGS","122930"
"ID439","BOS47189439","INR","CURRENT","862997"
"ID440","BOS82535440","SEK","SAVINGS","968113"
"ID441","BOS90555441","GBP","SAVINGS","400214"
"ID442","BOS55690442","EUR","CURRENT","756964"
"ID443","BOS9889443","CAD","CURRENT","785289"
"ID444","BOS46250444","USD","SAVINGS","421180"
"ID445","BOS42502445","USD","CURRENT","580049"
"ID446","BOS42116446","USD","CURRENT","805524"
"ID447","BOS23448447","SGD","SAVINGS","259828"
"ID448","BOS10372448","CHF","SAVINGS","121964"
"ID449","BOS48178449","HKD","SAVINGS","627056"
"ID450","BOS4348450","EUR","SAVINGS","751108"
"ID451","BOS91753451","CHF","SAVINGS","495942"
"ID452","BOS47107452","GBP","CURRENT","794888"
"ID453","BOS95355453","GBP","SAVINGS","455587"
"ID454","BOS58252454","INR","CURRENT","489206"
"ID455","BOS71094455","HKD","SAVINGS","711227"
"ID456","BOS28447456","EUR","SAVINGS","472080"
"ID457","BOS88478457","SEK","SAVINGS","114763"
"ID458","BOS87326458","INR","SAVINGS","626240"
"ID459","BOS61629459","SEK","CURRENT","490634"
"ID460","BOS1860460","CHF","CURRENT","616880"
"ID461","BOS9257461","EUR","CURRENT","370046"
"ID462","BOS55844462","EUR","SAVINGS","885876"
"ID463","BOS85291463","INR","CURRENT","871869"
"ID464","BOS5535464","USD","SAVINGS","697445"
"ID465","BOS92676465","HKD","CURRENT","210866"
"ID466","BOS42943466","EUR","SAVINGS","444168"
"ID467","BOS98439467","EUR","CURRENT","833358"
"ID468","BOS48995468","GBP","CURRENT","109878"
"ID469","BOS63913469","GBP","SAVINGS","553009"
"ID470","BOS1665470","SGD","CURRENT","157404"
"ID471","BOS89001471","SGD","SAVINGS","29768"
"ID472","BOS95816472","USD","CURRENT","662420"
"ID473","BOS62093473","HKD","SAVINGS","663823"
"ID474","BOS84953474","AUD","SAVINGS","828528"
"ID475","BOS12312475","EUR","SAVINGS","582549"
"ID476","BOS82773476","EUR","CURRENT","856553"
"ID477","BOS97347477","EUR","CURRENT","8298"
"ID478","BOS63439478","INR","SAVINGS","19941"
"ID479","BOS13202479","EUR","CURRENT","255045"
"ID480","BOS15225480","CAD","SAVINGS","51340"
"ID481","BOS83996481","USD","CURRENT","576862"
"ID482","BOS74104482","CHF","CURRENT","68759"
"ID483","BOS44301483","GBP","SAVINGS","480186"
"ID484","BOS20609484","EUR","CURRENT","916062"
"ID485","BOS81752485","GBP","SAVINGS","183543"
"ID486","BOS47335486","GBP","SAVINGS","924282"
"ID487","BOS70850487","HKD","CURRENT","472883"
"ID488","BOS12752488","CHF","SAVINGS","242108"
"ID489","BOS94704489","EUR","CURRENT","363790"
"ID490","BOS90015490","CAD","CURRENT","834119"
"ID491","BOS94023491","CHF","CURRENT","194335"
"ID492","BOS61512492","INR","SAVINGS","363345"
"ID493","BOS70989493","CHF","CURRENT","459128"
"ID494","BOS73956494","USD","SAVINGS","338203"
"ID495","BOS96968495","INR","SAVINGS","410831"
"ID496","BOS69835496","USD","SAVINGS","863643"
"ID497","BOS96271497","EUR","SAVINGS","650717"
"ID498","BOS63683498","CAD","SAVINGS","268826"
"ID499","BOS42802499","SGD","CURRENT","203222"
"ID500","BOS3045500","GBP","CURRENT","684134"
"ID501","BOS92064501","INR","CURRENT","561124"
"ID502","BOS53426502","AUD","SAVINGS","315110"
"ID503","BOS96390503","AUD","CURRENT","442512"
"ID504","BOS35565504","INR","SAVINGS","303479"
"ID505","BOS29887505","AUD","SAVINGS","579571"
"ID506","BOS23880506","CAD","SAVINGS","987629"
"ID507","BOS90648507","CHF","CURRENT","879628"
"ID508","BOS47395508","CAD","CURRENT","87684"
"ID509","BOS50552509","CHF","CURRENT","47983"
"ID510","BOS57262510","INR","CURRENT","219806"
"ID511","BOS21785511","CHF","SAVINGS","524912"
"ID512","BOS98478512","EUR","CURRENT","969397"
"ID513","BOS62807513","HKD","SAVINGS","179260"
"ID514","BOS33300514","SEK","CURRENT","18967"
"ID515","BOS75790515","EUR","CURRENT","499475"
"ID516","BOS87228516","GBP","SAVINGS","966503"
"ID517","BOS73701517","CHF","SAVINGS","567925"
"ID518","BOS76526518","EUR","SAVINGS","592516"
"ID519","BOS76740519","HKD","SAVINGS","974755"
"ID520","BOS74848520","AUD","SAVINGS","583166"
"ID521","BOS45545521","AUD","CURRENT","289415"
"ID522","BOS12653522","AUD","CURRENT","735657"
"ID523","BOS78247523","SGD","CURRENT","139803"
"ID524","BOS14901524","SEK","SAVINGS","465463"
"ID525","BOS64159525","CAD","SAVINGS","61176"
"ID526","BOS13027526","CHF","SAVINGS","306761"
"ID527","BOS47283527","INR","SAVINGS","968239"
"ID528","BOS2668528","CHF","SAVINGS","473013"
"ID529","BOS16875529","INR","SAVINGS","542752"
"ID530","BOS98222530","INR","CURRENT","186800"
"ID531","BOS43247531","SGD","CURRENT","241608"
"ID532","BOS718532","SEK","CURRENT","971489"
"ID533","BOS47721533","AUD","SAVINGS","661693"
"ID534","BOS15170534","SEK","CURRENT","764212"
"ID535","BOS60959535","CAD","CURRENT","673985"
"ID536","BOS14165536","CHF","CURRENT","56808"
"ID537","BOS2241537","INR","SAVINGS","463667"
"ID538","BOS96106538","AUD","SAVINGS","777307"
"ID539","BOS30069539","SGD","CURRENT","318548"
"ID540","BOS91033540","AUD","CURRENT","125402"
"ID541","BOS65544541","SGD","SAVINGS","110852"
"ID542","BOS57516542","INR","SAVINGS","392033"
"ID543","BOS71063543","HKD","SAVINGS","483528"
"ID544","BOS22163544","HKD","CURRENT","134817"
"ID545","BOS43136545","SGD","CURRENT","351718"
"ID546","BOS32639546","CAD","CURRENT","469652"
"ID547","BOS84377547","GBP","SAVINGS","87792"
"ID548","BOS62795548","INR","CURRENT","929815"
"ID549","BOS5154549","CAD","CURRENT","531760"
"ID550","BOS6161550","EUR","CURRENT","304800"
"ID551","BOS65914551","USD","SAVINGS","676037"
"ID552","BOS85310552","INR","SAVINGS","715605"
"ID553","BOS97947553","EUR","SAVINGS","654016"
"ID554","BOS93354554","SEK","CURRENT","766873"
"ID555","BOS49532555","GBP","SAVINGS","32215"
"ID556","BOS4010556","AUD","SAVINGS","189304"
"ID557","BOS76499557","AUD","SAVINGS","396332"
"ID558","BOS29340558","GBP","SAVINGS","934472"
"ID559","BOS40565559","USD","CURRENT","947653"
"ID560","BOS62671560","AUD","CURRENT","511168"
"ID561","BOS69944561","SGD","SAVINGS","861484"
"ID562","BOS37784562","CAD","SAVINGS","581875"
"ID563","BOS58215563","SEK","CURRENT","823440"
"ID564","BOS24721564","SGD","SAVINGS","844957"
"ID565","BOS1482565","CAD","CURRENT","608756"
"ID566","BOS33723566","SEK","SAVINGS","823786"
"ID567","BOS77802567","SGD","SAVINGS","916735"
"ID568","BOS6414568","SGD","CURRENT","837323"
"ID569","BOS9606569","USD","CURRENT","429233"
"ID570","BOS36785570","AUD","CURRENT","978086"
"ID571","BOS9587571","AUD","CURRENT","202219"
"ID572","BOS66999572","INR","SAVINGS","964608"
"ID573","BOS51196573","EUR","CURRENT","796203"
"ID574","BOS86238574","GBP","CURRENT","46442"
"ID575","BOS25793575","AUD","CURRENT","728303"
"ID576","BOS94856576","SGD","SAVINGS","996544"
"ID577","BOS24514577","CHF","CURRENT","314808"
"ID578","BOS70751578","SEK","CURRENT","506845"
"ID579","BOS60052579","CAD","SAVINGS","366955"
"ID580","BOS4618580","CAD","CURRENT","289077"
"ID581","BOS49949581","AUD","SAVINGS","590486"
"ID582","BOS72785582","SEK","SAVINGS","262996"
"ID583","BOS56953583","SEK","CURRENT","920674"
"ID584","BOS81723584","HKD","CURRENT","681709"
"ID585","BOS71640585","HKD","CURRENT","88004"
"ID586","BOS40088586","AUD","CURRENT","477633"
"ID587","BOS85755587","CAD","SAVINGS","376284"
"ID588","BOS16965588","USD","CURRENT","868657"
"ID589","BOS90673589","AUD","CURRENT","492720"
"ID590","BOS38828590","USD","SAVINGS","612571"
"ID591","BOS95245591","USD","CURRENT","484442"
"ID592","BOS7911592","CHF","SAVINGS","467923"
"ID593","BOS38375593","SGD","CURRENT","619637"
"ID594","BOS8389594","CAD","SAVINGS","188094"
"ID595","BOS88303595","SGD","CURRENT","988966"
"ID596","BOS78025596","SGD","SAVINGS","228324"
"ID597","BOS28771597","AUD","SAVINGS","676743"
"ID598","BOS6927598","CHF","SAVINGS","348619"
"ID599","BOS65827599","AUD","SAVINGS","102863"
"ID600","BOS2153600","CAD","CURRENT","357228"
"ID601","BOS71657601","CHF","SAVINGS","540696"
"ID602","BOS86524602","SEK","SAVINGS","400939"
"ID603","BOS1624603","EUR","CURRENT","383743"
"ID604","BOS90931604","AUD","CURRENT","767314"
"ID605","BOS25973605","CAD","SAVINGS","972066"
"ID606","BOS41257606","SGD","SAVINGS","595271"
"ID607","BOS36308607","EUR","SAVINGS","971277"
"ID608","BOS4342608","CHF","SAVINGS","191258"
"ID609","BOS44164609","AUD","SAVINGS","406116"
"ID610","BOS31734610","SGD","CURRENT","633012"
"ID611","BOS38611611","HKD","CURRENT","237755"
"ID612","BOS60212612","USD","SAVINGS","993246"
"ID613","BOS18251613","CHF","CURRENT","591073"
"ID614","BOS13239614","SEK","CURRENT","78685"
"ID615","BOS38247615","AUD","CURRENT","746407"
"ID616","BOS56206616","GBP","SAVINGS","216252"
"ID617","BOS27770617","CAD","CURRENT","293196"
"ID618","BOS98160618","GBP","SAVINGS","686267"
"ID619","BOS92825619","USD","CURRENT","715187"
"ID620","BOS93431620","AUD","SAVINGS","301931"
"ID621","BOS93735621","CHF","CURRENT","592775"
"ID622","BOS70999622","GBP","SAVINGS","634795"
"ID623","BOS65015623","CAD","SAVINGS","607075"
"ID624","BOS85390624","HKD","SAVINGS","24019"
"ID625","BOS23803625","GBP","SAVINGS","771679"
"ID626","BOS33238626","SEK","SAVINGS","25345"
"ID627","BOS22897627","CAD","CURRENT","896726"
"ID628","BOS69652628","AUD","CURRENT","771444"
"ID629","BOS9117629","CHF","CURRENT","414595"
"ID630","BOS61241630","GBP","SAVINGS","320312"
"ID631","BOS46517631","GBP","CURRENT","477434"
"ID632","BOS63846632","AUD","CURRENT","659350"
"ID633","BOS67982633","EUR","SAVINGS","75213"
"ID634","BOS67497634","EUR","CURRENT","921091"
"ID635","BOS98251635","CAD","SAVINGS","847976"
"ID636","BOS45286636","GBP","SAVINGS","76370"
"ID637","BOS52614637","USD","SAVINGS","617245"
"ID638","BOS74320638","CHF","CURRENT","368257"
"ID639","BOS32404639","SEK","CURRENT","645840"
"ID640","BOS49425640","SEK","CURRENT","50861"
"ID641","BOS8892641","EUR","SAVINGS","59908"
"ID642","BOS37105642","USD","SAVINGS","798871"
"ID643","BOS33514643","INR","SAVINGS","110681"
"ID644","BOS8728644","SGD","SAVINGS","528952"
"ID645","BOS70616645","INR","CURRENT","183863"
"ID646","BOS57188646","USD","SAVINGS","179903"
"ID647","BOS62885647","HKD","CURRENT","690680"
"ID648","BOS88364648","GBP","CURRENT","499223"
"ID649","BOS29134649","CAD","CURRENT","976065"
"ID650","BOS6135650","INR","SAVINGS","560647"
"ID651","BOS1699651","HKD","SAVINGS","979516"
"ID652","BOS80825652","AUD","SAVINGS","267376"
"ID653","BOS60002653","CHF","CURRENT","836365"
"ID654","BOS22182654","EUR","SAVINGS","435279"
"ID655","BOS64892655","CHF","SAVINGS","277966"
"ID656","BOS9581656","INR","SAVINGS","19040"
"ID657","BOS873657","HKD","CURRENT","836305"
"ID658","BOS10560658","EUR","SAVINGS","330845"
"ID659","BOS60466659","CHF","SAVINGS","917582"
"ID660","BOS54482660","CAD","CURRENT","762521"
"ID661","BOS93337661","USD","CURRENT","726549"
"ID662","BOS96146662","SEK","CURRENT","591305"
"ID663","BOS22747663","GBP","CURRENT","62644"
"ID664","BOS59120664","SEK","SAVINGS","370733"
"ID665","BOS18152665","INR","SAVINGS","677481"
"ID666","BOS50785666","HKD","CURRENT","564333"
"ID667","BOS62558667","SGD","SAVINGS","982540"
"ID668","BOS37976668","SGD","SAVINGS","170943"
"ID669","BOS55504669","CHF","CURRENT","690611"
"ID670","BOS59097670","SEK","CURRENT","730529"
"ID671","BOS56439671","INR","SAVINGS","545743"
"ID672","BOS42481672","HKD","SAVINGS","421733"
"ID673","BOS86586673","CHF","SAVINGS","984979"
"ID674","BOS43169674","CAD","CURRENT","978641"
"ID675","BOS15892675","SGD","SAVINGS","725340"
"ID676","BOS35060676","CHF","CURRENT","403206"
"ID677","BOS68640677","SGD","SAVINGS","942859"
"ID678","BOS32079678","SGD","CURRENT","245661"
"ID679","BOS71642679","CAD","SAVINGS","363972"
"ID680","BOS2620680","SGD","SAVINGS","471702"
"ID681","BOS59648681","GBP","CURRENT","581351"
"ID682","BOS53287682","HKD","CURRENT","781271"
"ID683","BOS40078683","CAD","CURRENT","844414"
"ID684","BOS38934684","CAD","SAVINGS","266722"
"ID685","BOS92012685","HKD","CURRENT","19311"
"ID686","BOS1904686","HKD","SAVINGS","230781"
"ID687","BOS29928687","AUD","SAVINGS","544936"
"ID688","BOS29334688","CAD","SAVINGS","456405"
"ID689","BOS99928689","AUD","CURRENT","230789"
"ID690","BOS34330690","INR","CURRENT","496511"
"ID691","BOS76172691","CHF","SAVINGS","192464"
"ID692","BOS34958692","INR","CURRENT","215752"
"ID693","BOS70539693","CHF","SAVINGS","701184"
"ID694","BOS29138694","CAD","SAVINGS","187799"
"ID695","BOS89288695","SEK","SAVINGS","762546"
"ID696","BOS38694696","AUD","SAVINGS","13387"
"ID697","BOS65582697","SGD","CURRENT","753874"
"ID698","BOS12652698","SGD","SAVINGS","289901"
"ID699","BOS33909699","INR","CURRENT","710109"
"ID700","BOS15649700","INR","SAVINGS","283706"
"ID701","BOS4037701","SGD","SAVINGS","796094"
"ID702","BOS37837702","SEK","CURRENT","395752"
"ID703","BOS94219703","INR","SAVINGS","127134"
"ID704","BOS79890704","INR","CURRENT","723973"
"ID705","BOS23182705","CAD","CURRENT","101643"
"ID706","BOS31120706","SEK","CURRENT","477464"
"ID707","BOS94797707","CHF","CURRENT","415253"
"ID708","BOS79185708","INR","SAVINGS","276737"
"ID709","BOS17608709","USD","SAVINGS","115827"
"ID710","BOS53806710","AUD","SAVINGS","455821"
"ID711","BOS88000711","SGD","CURRENT","781016"
"ID712","BOS33995712","HKD","CURRENT","893370"
"ID713","BOS24818713","SEK","CURRENT","484720"
"ID714","BOS86234714","USD","SAVINGS","594707"
"ID715","BOS7373715","USD","CURRENT","16130"
"ID716","BOS43887716","SEK","CURRENT","566042"
"ID717","BOS28018717","INR","SAVINGS","296514"
"ID718","BOS16032718","GBP","SAVINGS","327631"
"ID719","BOS46759719","AUD","CURRENT","517591"
"ID720","BOS18130720","GBP","CURRENT","404505"
"ID721","BOS90919721","SGD","CURRENT","917921"
"ID722","BOS73161722","CAD","CURRENT","117342"
"ID723","BOS27010723","CHF","SAVINGS","389238"
"ID724","BOS85122724","CAD","CURRENT","207901"
"ID725","BOS79410725","SGD","CURRENT","670858"
"ID726","BOS92544726","SEK","CURRENT","632880"
"ID727","BOS79229727","GBP","CURRENT","986444"
"ID728","BOS11627728","HKD","SAVINGS","371705"
"ID729","BOS56765729","INR","CURRENT","953975"
"ID730","BOS60677730","USD","SAVINGS","423822"
"ID731","BOS1551731","SGD","SAVINGS","371834"
"ID732","BOS17675732","SGD","SAVINGS","986118"
"ID733","BOS1964733","CHF","CURRENT","959148"
"ID734","BOS10027734","USD","CURRENT","767902"
"ID735","BOS33382735","INR","SAVINGS","64891"
"ID736","BOS31169736","CHF","SAVINGS","188408"
"ID737","BOS75892737","AUD","CURRENT","158529"
"ID738","BOS94082738","HKD","SAVINGS","976189"
"ID739","BOS82398739","USD","SAVINGS","687125"
"ID740","BOS55778740","USD","CURRENT","32946"
"ID741","BOS15478741","SGD","CURRENT","175380"
"ID742","BOS44127742","CAD","CURRENT","964084"
"ID743","BOS84015743","CAD","CURRENT","966880"
"ID744","BOS603744","SEK","CURRENT","897575"
"ID745","BOS46954745","AUD","SAVINGS","480093"
"ID746","BOS10073746","AUD","CURRENT","35680"
"ID747","BOS47616747","SEK","SAVINGS","615790"
"ID748","BOS68159748","HKD","SAVINGS","982379"
"ID749","BOS16019749","CAD","CURRENT","494011"
"ID750","BOS8254750","EUR","CURRENT","201925"
"ID751","BOS81997751","INR","CURRENT","574869"
"ID752","BOS82033752","GBP","CURRENT","725407"
"ID753","BOS37590753","HKD","SAVINGS","445084"
"ID754","BOS19333754","EUR","CURRENT","493030"
"ID755","BOS29043755","EUR","SAVINGS","846609"
"ID756","BOS56770756","HKD","CURRENT","41907"
"ID757","BOS45597757","AUD","SAVINGS","132299"
"ID758","BOS492758","SGD","SAVINGS","310975"
"ID759","BOS98814759","CHF","CURRENT","819354"
"ID760","BOS23920760","CHF","CURRENT","292061"
"ID761","BOS73468761","INR","SAVINGS","513435"
"ID762","BOS73195762","HKD","SAVINGS","14953"
"ID763","BOS38444763","SGD","SAVINGS","706244"
"ID764","BOS45475764","INR","SAVINGS","919519"
"ID765","BOS33699765","INR","SAVINGS","162232"
"ID766","BOS23906766","USD","SAVINGS","690192"
"ID767","BOS51036767","EUR","SAVINGS","277467"
"ID768","BOS16530768","SEK","CURRENT","34558"
"ID769","BOS35938769","AUD","CURRENT","980780"
"ID770","BOS15536770","CAD","CURRENT","260990"
"ID771","BOS69956771","AUD","SAVINGS","813587"
"ID772","BOS34075772","SEK","CURRENT","670939"
"ID773","BOS34225773","EUR","CURRENT","940308"
"ID774","BOS2632774","SGD","SAVINGS","990028"
"ID775","BOS51610775","AUD","SAVINGS","280496"
"ID776","BOS41390776","USD","SAVINGS","484293"
"ID777","BOS22611777","INR","SAVINGS","623278"
"ID778","BOS67749778","CHF","CURRENT","662299"
"ID779","BOS20306779","EUR","CURRENT","837471"
"ID780","BOS64232780","INR","SAVINGS","790932"
"ID781","BOS89998781","SEK","CURRENT","832062"
"ID782","BOS8519782","USD","SAVINGS","349918"
"ID783","BOS19653783","AUD","SAVINGS","438501"
"ID784","BOS38514784","CHF","CURRENT","21370"
"ID785","BOS65174785","INR","SAVINGS","161945"
"ID786","BOS88890786","USD","CURRENT","276800"
"ID787","BOS48558787","USD","SAVINGS","392354"
"ID788","BOS93416788","SEK","CURRENT","573951"
"ID789","BOS68001789","USD","SAVINGS","344681"
"ID790","BOS78822790","SEK","CURRENT","415655"
"ID791","BOS76568791","INR","CURRENT","213231"
"ID792","BOS95154792","CHF","CURRENT","134402"
"ID793","BOS38966793","CHF","SAVINGS","41197"
"ID794","BOS21983794","CAD","CURRENT","483544"
"ID795","BOS12477795","GBP","CURRENT","934816"
"ID796","BOS95432796","SEK","CURRENT","416205"
"ID797","BOS45535797","HKD","CURRENT","691678"
"ID798","BOS16697798","USD","CURRENT","712940"
"ID799","BOS51667799","CHF","CURRENT","144399"
"ID800","BOS10402800","SGD","SAVINGS","964507"
"ID801","BOS47377801","SGD","CURRENT","80041"
"ID802","BOS73972802","USD","SAVINGS","306397"
"ID803","BOS10145803","AUD","CURRENT","162448"
"ID804","BOS75936804","SEK","CURRENT","213980"
"ID805","BOS16873805","SGD","CURRENT","70604"
"ID806","BOS98827806","EUR","SAVINGS","458447"
"ID807","BOS59436807","CHF","SAVINGS","547660"
"ID808","BOS72118808","CAD","SAVINGS","151989"
"ID809","BOS23694809","CAD","SAVINGS","495112"
"ID810","BOS52087810","SGD","SAVINGS","195673"
"ID811","BOS71304811","GBP","SAVINGS","206763"
"ID812","BOS82625812","CAD","SAVINGS","324882"
"ID813","BOS5102813","CHF","SAVINGS","298434"
"ID814","BOS45088814","EUR","SAVINGS","840455"
"ID815","BOS45724815","SEK","CURRENT","187351"
"ID816","BOS33735816","GBP","SAVINGS","341982"
"ID817","BOS65076817","AUD","SAVINGS","776496"
"ID818","BOS6062818","SGD","SAVINGS","68740"
"ID819","BOS50466819","EUR","CURRENT","890372"
"ID820","BOS15129820","AUD","SAVINGS","994804"
"ID821","BOS29601821","EUR","CURRENT","607219"
"ID822","BOS77595822","HKD","SAVINGS","588768"
"ID823","BOS82730823","CHF","CURRENT","96547"
"ID824","BOS52909824","AUD","SAVINGS","320561"
"ID825","BOS49068825","AUD","SAVINGS","522183"
"ID826","BOS64169826","GBP","CURRENT","275203"
"ID827","BOS62753827","SEK","SAVINGS","665016"
"ID828","BOS23862828","USD","CURRENT","884692"
"ID829","BOS24721829","INR","SAVINGS","516344"
"ID830","BOS81623830","CHF","SAVINGS","262759"
"ID831","BOS13493831","INR","SAVINGS","849283"
"ID832","BOS68199832","USD","CURRENT","53811"
"ID833","BOS33398833","EUR","SAVINGS","492739"
"ID834","BOS71035834","INR","CURRENT","899889"
"ID835","BOS17970835","GBP","CURRENT","975706"
"ID836","BOS75170836","EUR","CURRENT","979967"
"ID837","BOS63122837","SGD","SAVINGS","180193"
"ID838","BOS12653838","SEK","CURRENT","295525"
"ID839","BOS19926839","SEK","CURRENT","435022"
"ID840","BOS77922840","CHF","SAVINGS","82268"
"ID841","BOS25418841","USD","CURRENT","247196"
"ID842","BOS12619842","SEK","SAVINGS","536006"
"ID843","BOS7397843","GBP","CURRENT","529315"
"ID844","BOS37847844","INR","SAVINGS","87155"
"ID845","BOS48596845","USD","SAVINGS","800274"
"ID846","BOS95831846","EUR","CURRENT","717566"
"ID847","BOS52029847","GBP","CURRENT","78569"
"ID848","BOS78351848","SGD","CURRENT","593485"
"ID849","BOS68746849","EUR","CURRENT","602014"
"ID850","BOS96779850","GBP","CURRENT","156640"
"ID851","BOS62458851","CHF","SAVINGS","39364"
"ID852","BOS53893852","CAD","CURRENT","976377"
"ID853","BOS88725853","INR","CURRENT","882511"
"ID854","BOS63216854","CHF","SAVINGS","959171"
"ID855","BOS1237855","USD","SAVINGS","160274"
"ID856","BOS53910856","CAD","CURRENT","639322"
"ID857","BOS27963857","AUD","CURRENT","203070"
"ID858","BOS1369858","AUD","SAVINGS","776406"
"ID859","BOS12960859","EUR","SAVINGS","200945"
"ID860","BOS26043860","HKD","SAVINGS","966247"
"ID861","BOS37148861","CHF","CURRENT","884864"
"ID862","BOS64634862","USD","SAVINGS","922399"
"ID863","BOS71096863","CAD","SAVINGS","768738"
"ID864","BOS45274864","SEK","SAVINGS","412985"
"ID865","BOS61021865","GBP","SAVINGS","822763"
"ID866","BOS17136866","EUR","SAVINGS","254698"
"ID867","BOS12330867","AUD","SAVINGS","880407"
"ID868","BOS9251868","GBP","SAVINGS","543362"
"ID869","BOS52228869","SGD","SAVINGS","38140"
"ID870","BOS59152870","SEK","SAVINGS","513280"
"ID871","BOS21730871","GBP","CURRENT","218971"
"ID872","BOS20796872","INR","CURRENT","935162"
"ID873","BOS56850873","INR","CURRENT","959757"
"ID874","BOS44635874","SGD","CURRENT","903444"
"ID875","BOS11657875","GBP","SAVINGS","47775"
"ID876","BOS87812876","HKD","CURRENT","693897"
"ID877","BOS86110877","CHF","CURRENT","656968"
"ID878","BOS18848878","CAD","CURRENT","605503"
"ID879","BOS49545879","GBP","SAVINGS","842978"
"ID880","BOS94541880","GBP","SAVINGS","936852"
"ID881","BOS72068881","GBP","CURRENT","935637"
"ID882","BOS41010882","SEK","CURRENT","72524"
"ID883","BOS71061883","GBP","SAVINGS","295777"
"ID884","BOS89270884","SEK","SAVINGS","748116"
"ID885","BOS71972885","CAD","CURRENT","865737"
"ID886","BOS60752886","CAD","SAVINGS","530931"
"ID887","BOS15166887","EUR","SAVINGS","887337"
"ID888","BOS57360888","SEK","SAVINGS","767550"
"ID889","BOS31250889","EUR","SAVINGS","424585"
"ID890","BOS4205890","EUR","CURRENT","123765"
"ID891","BOS58304891","USD","SAVINGS","288952"
"ID892","BOS90266892","SEK","CURRENT","417382"
"ID893","BOS86543893","HKD","CURRENT","812014"
"ID894","BOS69338894","EUR","CURRENT","913321"
"ID895","BOS5829895","INR","SAVINGS","35148"
"ID896","BOS4510896","SGD","CURRENT","725939"
"ID897","BOS87574897","CAD","CURRENT","395174"
"ID898","BOS88998898","GBP","SAVINGS","848260"
"ID899","BOS73922899","SEK","CURRENT","955762"
"ID900","BOS31810900","SGD","CURRENT","822201"
"ID901","BOS86350901","GBP","SAVINGS","749216"
"ID902","BOS91666902","CHF","CURRENT","670246"
"ID903","BOS13788903","SGD","SAVINGS","546349"
"ID904","BOS7048904","EUR","CURRENT","512964"
"ID905","BOS61405905","SEK","SAVINGS","128643"
"ID906","BOS82938906","INR","CURRENT","84910"
"ID907","BOS28631907","EUR","SAVINGS","668662"
"ID908","BOS18937908","SEK","CURRENT","882621"
"ID909","BOS84364909","HKD","CURRENT","819174"
"ID910","BOS54943910","AUD","SAVINGS","124862"
"ID911","BOS17320911","SGD","CURRENT","703068"
"ID912","BOS59927912","USD","CURRENT","195407"
"ID913","BOS88538913","USD","SAVINGS","128379"
"ID914","BOS60684914","HKD","SAVINGS","246063"
"ID915","BOS17280915","SGD","SAVINGS","890530"
"ID916","BOS14899916","EUR","SAVINGS","722752"
"ID917","BOS4275917","SEK","SAVINGS","998420"
"ID918","BOS41611918","USD","SAVINGS","711932"
"ID919","BOS32237919","AUD","SAVINGS","53968"
"ID920","BOS47361920","CAD","SAVINGS","120144"
"ID921","BOS20836921","SEK","CURRENT","187228"
"ID922","BOS31863922","INR","CURRENT","633557"
"ID923","BOS90917923","EUR","SAVINGS","967336"
"ID924","BOS52622924","CHF","CURRENT","259971"
"ID925","BOS9801925","AUD","CURRENT","444231"
"ID926","BOS57576926","SEK","CURRENT","925005"
"ID927","BOS50610927","EUR","CURRENT","235070"
"ID928","BOS50597928","INR","SAVINGS","77082"
"ID929","BOS40547929","SGD","SAVINGS","712861"
"ID930","BOS58098930","INR","CURRENT","339262"
"ID931","BOS73778931","AUD","CURRENT","143180"
"ID932","BOS83705932","GBP","CURRENT","456309"
"ID933","BOS32613933","SGD","CURRENT","632424"
"ID934","BOS81731934","USD","CURRENT","119682"
"ID935","BOS62741935","CHF","SAVINGS","245973"
"ID936","BOS51438936","SEK","SAVINGS","578859"
"ID937","BOS9022937","AUD","SAVINGS","260973"
"ID938","BOS33031938","SGD","SAVINGS","841242"
"ID939","BOS34165939","EUR","CURRENT","368817"
"ID940","BOS96931940","SGD","CURRENT","828765"
"ID941","BOS33515941","SGD","CURRENT","468626"
"ID942","BOS75591942","AUD","CURRENT","258288"
"ID943","BOS80738943","AUD","SAVINGS","502104"
"ID944","BOS28252944","AUD","CURRENT","8208"
"ID945","BOS21182945","EUR","SAVINGS","130964"
"ID946","BOS91696946","GBP","CURRENT","22179"
"ID947","BOS70808947","HKD","CURRENT","468236"
"ID948","BOS82732948","USD","CURRENT","566975"
"ID949","BOS27984949","INR","CURRENT","65999"
"ID950","BOS23086950","SGD","CURRENT","124843"
"ID951","BOS75888951","INR","SAVINGS","426755"
"ID952","BOS61259952","SEK","SAVINGS","254494"
"ID953","BOS46428953","INR","SAVINGS","214154"
"ID954","BOS94891954","SGD","SAVINGS","886650"
"ID955","BOS69824955","USD","SAVINGS","760603"
"ID956","BOS84113956","SGD","SAVINGS","568777"
"ID957","BOS32641957","CHF","CURRENT","48868"
"ID958","BOS79350958","GBP","CURRENT","349909"
"ID959","BOS36015959","USD","CURRENT","216449"
"ID960","BOS36448960","USD","CURRENT","485732"
"ID961","BOS19265961","CHF","CURRENT","869637"
"ID962","BOS45030962","AUD","CURRENT","508531"
"ID963","BOS34487963","USD","CURRENT","85762"
"ID964","BOS14846964","AUD","SAVINGS","20658"
"ID965","BOS59607965","SEK","SAVINGS","961231"
"ID966","BOS66362966","SEK","SAVINGS","267485"
"ID967","BOS14622967","SEK","SAVINGS","776696"
"ID968","BOS24422968","AUD","CURRENT","161586"
"ID969","BOS99506969","USD","SAVINGS","911462"
"ID970","BOS7977970","SGD","CURRENT","756375"
"ID971","BOS56138971","AUD","CURRENT","391902"
"ID972","BOS94285972","AUD","CURRENT","405951"
"ID973","BOS92605973","USD","SAVINGS","533487"
"ID974","BOS26531974","HKD","CURRENT","611572"
"ID975","BOS24468975","GBP","CURRENT","259187"
"ID976","BOS44074976","EUR","CURRENT","875747"
"ID977","BOS50725977","INR","CURRENT","52456"
"ID978","BOS19167978","USD","SAVINGS","243151"
"ID979","BOS46096979","EUR","SAVINGS","195359"
"ID980","BOS55173980","EUR","CURRENT","508945"
"ID981","BOS32403981","CHF","CURRENT","646294"
"ID982","BOS39827982","AUD","CURRENT","608287"
"ID983","BOS51352983","CHF","CURRENT","1779"
"ID984","BOS8574984","HKD","CURRENT","768494"
"ID985","BOS31781985","CAD","CURRENT","794446"
"ID986","BOS63347986","SEK","SAVINGS","742532"
"ID987","BOS99362987","EUR","CURRENT","244204"
"ID988","BOS26121988","GBP","CURRENT","391144"
"ID989","BOS70201989","GBP","CURRENT","40122"
"ID990","BOS13647990","USD","SAVINGS","914172"
"ID991","BOS25905991","HKD","CURRENT","466547"
"ID992","BOS33345992","INR","SAVINGS","898133"
"ID993","BOS96199993","EUR","CURRENT","876820"
"ID994","BOS78798994","EUR","CURRENT","478446"
"ID995","BOS77060995","SGD","CURRENT","493488"
"ID996","BOS44757996","EUR","SAVINGS","554594"
"ID997","BOS41306997","SGD","CURRENT","861687"
"ID998","BOS95689998","INR","SAVINGS","366251"
"ID999","BOS30305999","USD","SAVINGS","643263"
"ID1000","BOS25901000","GBP","SAVINGS","349082"
